"Company Name","Executive First Name","Executive Last Name","Address","City","State","ZIP Code","Credit Score Alpha","Executive Gender","Executive Title","Fax Number Combined","IUSA Number","Location Employee Size Range","Location Sales Volume Range","Phone Number Combined","Primary SIC Code","Primary SIC Description","SIC Code 1","SIC Code 1 Description","Record Type"
"18th Street Commissary Inc","Ma","Beach","3334 18th St","San Francisco","CA","94110","A","Female","General Mgr","","68-879-9550","20 to 49","$10-20 Million","(415) 436-9390","541105","Grocers-Retail","541105","Grocers-Retail","Verified"
"6001 California Market","Shelley","Wienke","6001 California St","San Francisco","CA","94121","B+","Female","Owner","4152217602","10-242-7333","10 to 19","$2.5-5 Million","(415) 221-7600","541105","Grocers-Retail","541105","Grocers-Retail","Verified"
"60th Force Support Marketing","","","510 Airlift Dr","Travis AFB","CA","94535","B","","","","40-036-1270","5 to 9","$1-2.5 Million","(707) 424-5892","541105","Grocers-Retail","541105","Grocers-Retail","Verified"
"99 Cents Only Stores","Christi","Yu","2515 Somersville Rd","Antioch","CA","94509","A+","Female","Site Manager","","37-501-8504","20 to 49","$5-10 Million","(925) 757-8999","533101","Variety Stores","533101","Variety Stores","Verified"
"99 Cents Only Stores","Jeantte","Gallegos","1941 San Pablo Ave","Berkeley","CA","94702","A","Female","Site Manager","","66-900-2198","20 to 49","$5-10 Million","(510) 704-1799","533101","Variety Stores","533101","Variety Stores","Verified"
"99 Cents Only Stores","Susana","Cortez","1701 Willow Pass Rd # A","Concord","CA","94520","A","Female","Site Manager","","62-842-3725","20 to 49","$5-10 Million","(925) 687-2996","533101","Variety Stores","533101","Variety Stores","Verified"
"99 Cents Only Stores","Monica","Canales","4665 Clayton Rd","Concord","CA","94521","A","Female","Regional Mgr","","39-502-3245","20 to 49","$5-10 Million","(925) 674-9799","533101","Variety Stores","533101","Variety Stores","Verified"
"99 Cents Only Stores","","","41989 Fremont Blvd","Fremont","CA","94538","A","","","","70-706-1017","20 to 49","$5-10 Million","(510) 353-9512","533101","Variety Stores","533101","Variety Stores","Verified"
"99 Cents Only Stores","","","260 E 10th St","Gilroy","CA","95020","A","","","","41-008-4765","20 to 49","$10-20 Million","(408) 848-4502","533101","Variety Stores","533101","Variety Stores","Verified"
"99 Cents Only Stores","Brent","Lindsay","20882 Mission Blvd","Hayward","CA","94541","A+","Male","Manager","","36-618-7458","50 to 99","$10-20 Million","(510) 276-9960","533101","Variety Stores","533101","Variety Stores","Verified"
"99 Cents Only Stores","","","1490 Railroad Ave","Livermore","CA","94550","A","","","","72-794-2236","20 to 49","$5-10 Million","(925) 454-0217","533101","Variety Stores","533101","Variety Stores","Verified"
"99 Cents Only Stores","Norma","Ramirez","620 San Pablo Ave # D","Pinole","CA","94564","A","Female","Site Manager","","24-638-8227","20 to 49","$5-10 Million","(510) 964-9906","533101","Variety Stores","533101","Variety Stores","Verified"
"99 Cents Only Stores","Alex","Borodin","3600 Klose Way","Richmond","CA","94806","A","Male","Site Manager","","68-864-4095","20 to 49","$5-10 Million","(510) 262-0672","533101","Variety Stores","533101","Variety Stores","Verified"
"99 Cents Only Stores","Miguel","Jeremillo","1915 W San Carlos St","San Jose","CA","95128","A","Male","Site Manager","","40-251-4904","20 to 49","$10-20 Million","(408) 971-1501","533101","Variety Stores","533101","Variety Stores","Verified"
"99 Cents Only Stores","Sam","Wije","699 Lewelling Blvd # 50","San Leandro","CA","94579","A+","Male","Site Manager","","22-275-2222","50 to 99","$10-20 Million","(510) 351-0999","533101","Variety Stores","533101","Variety Stores","Verified"
"99 Cents Only Stores","","","551 Peabody Rd","Vacaville","CA","95687","A","","","7074469994","61-846-0844","20 to 49","$5-10 Million","(707) 446-9994","533101","Variety Stores","533101","Variety Stores","Verified"
"99 Cents Only Stores","Marconi","Narvaez","3684 Sonoma Blvd","Vallejo","CA","94590","A","","Manager","","70-699-0476","20 to 49","$5-10 Million","(707) 553-1083","533101","Variety Stores","533101","Variety Stores","Verified"
"99 Cents Only Stores","Carson","Siswang","42 Springstowne Ctr","Vallejo","CA","94591","A+","Male","Site Manager","7075538509","38-817-4856","20 to 49","$5-10 Million","(707) 553-8509","533101","Variety Stores","533101","Variety Stores","Verified"
"99 Ranch Market","","","1795 Willow Pass Rd","Concord","CA","94520","B","","","9258252004","67-486-3824","1 to 4","Less Than $500,000","(925) 798-8899","531104","Retail Shops","531104","Retail Shops","Verified"
"99 Ranch Market","","","10425 S DE Anza Blvd","Cupertino","CA","95014","B","","","","42-625-8740","1 to 4","$500,000-1 Million","(408) 856-2899","531104","Retail Shops","531104","Retail Shops","Verified"
"99 Ranch Market","Kin Lurt","Fong","10983 N Wolfe Rd","Cupertino","CA","95014","A+","Male","General Mgr","4083433688","90-662-4291","50 to 99","$10-20 Million","(408) 532-8899","531104","Retail Shops","531104","Retail Shops","Verified"
"99 Ranch Market","Kent","She","250 Skyline Plz","Daly City","CA","94015","A+","Male","General Mgr","","96-948-3627","100 to 249","$20-50 Million","(650) 419-8899","531104","Retail Shops","531104","Retail Shops","Verified"
"99 Ranch Market","","","1070 Foster City Blvd","Foster City","CA","94404","B+","","","6503589989","24-406-8029","1 to 4","$500,000-1 Million","(650) 358-8999","531104","Retail Shops","531104","Retail Shops","Verified"
"99 Ranch Market","","","7070 Foster City Blvd","Foster City","CA","94404","B","","","","44-035-3923","1 to 4","$500,000-1 Million","(650) 358-8999","531104","Retail Shops","531104","Retail Shops","Verified"
"99 Ranch Market","Danny","Tse","34444 Fremont Blvd","Fremont","CA","94555","A+","Male","General Mgr","5107901046","17-815-9729","50 to 99","$10-20 Million","(510) 791-8899","531104","Retail Shops","531104","Retail Shops","Verified"
"99 Ranch Market","Kelly","Lee","46881 Warm Springs Blvd","Fremont","CA","94539","B","Female","General Mgr","5105808898","40-994-0849","1 to 4","$500,000-1 Million","(510) 580-8899","531104","Retail Shops","531104","Retail Shops","Verified"
"99 Ranch Market","Andy","Chang","338 Barber Ln","Milpitas","CA","95035","A+","Male","General Mgr","4084745020","93-354-3126","100 to 249","$20-50 Million","(408) 946-8899","531104","Retail Shops","531104","Retail Shops","Verified"
"99 Ranch Market","Kelly","Lee","1350 Grant Rd","Mountain View","CA","94040","B","Female","Site Manager","6509618899","67-220-6687","1 to 4","$500,000-1 Million","(650) 966-8899","531104","Retail Shops","531104","Retail Shops","Verified"
"99 Ranch Market","Chih Ping","Lee","35219 Newark Blvd # B","Newark","CA","94560","A+","Male","General Mgr","5107921289","24-574-2952","50 to 99","$5-10 Million","(510) 792-1899","531104","Retail Shops","531104","Retail Shops","Verified"
"99 Ranch Market","","","2701 Stoneridge Dr","Pleasanton","CA","94588","B+","","","","75-052-6210","1 to 4","$500,000-1 Million","(925) 594-6899","531104","Retail Shops","531104","Retail Shops","Verified"
"99 Ranch Market","Danny","Li","4299 Rosewood Dr","Pleasanton","CA","94588","B","Male","General Mgr","9252510502","69-732-5801","1 to 4","$500,000-1 Million","(925) 463-8899","531104","Retail Shops","531104","Retail Shops","Verified"
"99 Ranch Market","David","Lee","7333 Regional St","Pleasanton","CA","94568","B","Male","General Mgr","9254799000","66-215-5282","1 to 4","$500,000-1 Million","(925) 463-8899","531104","Retail Shops","531104","Retail Shops","Verified"
"99 Ranch Market","","","3288 Pierce St # 99","Richmond","CA","94804","A+","","","5108149299","98-873-9074","100 to 249","$10-20 Million","(510) 769-8899","531104","Retail Shops","531104","Retail Shops","Verified"
"99 Ranch Market","Edwin","See","1688 Hostetter Rd # E","San Jose","CA","95131","A+","Male","General Mgr","4084367738","45-233-8478","100 to 249","$20-50 Million","(408) 436-8899","531104","Retail Shops","531104","Retail Shops","Verified"
"A & C Foods","","","1117 Montague Expy","Milpitas","CA","95035","A","","","","25-889-0003","20 to 49","$5-10 Million","(408) 956-9071","541105","Grocers-Retail","541105","Grocers-Retail","Verified"
"ABC Supermarket Inc","","","641 Broadway","San Francisco","CA","94133","B","","","","38-897-9494","1 to 4","$500,000-1 Million","(415) 398-3966","531104","Retail Shops","531104","Retail Shops","Verified"
"Abco Laboratories","Allen","Baron","2445 S Watney Way","Fairfield","CA","94533","A","Male","CEO","7074322240","00-092-2781","100 to 249","$20-50 Million","(707) 399-9775","209998","Food Preparations NEC (Mfrs)","209998","Food Preparations NEC (Mfrs)","Verified"
"Aisle 1 Gas","Bob","Baker","2681 Blanding Ave","Alameda","CA","94501","B","Male","Director","","70-647-4503","1 to 4","$500,000-1 Million","(510) 748-0112","541103","Convenience Stores","541103","Convenience Stores","Verified"
"Alameda Natural Grocery","Donna","Layburn","1650 Park St # L","Alameda","CA","94501","A","Female","Owner","5105221473","98-918-5616","20 to 49","$2.5-5 Million","(510) 865-1500","549901","Health & Diet Foods-Retail","549901","Health & Diet Foods-Retail","Verified"
"Albertsons Co Inc","Robert G","Miller","11555 Dublin Canyon Rd","Pleasanton","CA","94588","B","Male","CEO","","70-052-7994","100 to 249","$20-50 Million","(925) 226-5000","541105","Grocers-Retail","541105","Grocers-Retail","Verified"
"All American Food Co","Macy","Kaye","360 Harbor Way","South San Francisco","CA","94080","A","Female","Sales","","71-248-1179","5 to 9","$10-20 Million","(650) 692-6335","514101","Food Products (Whls)","514101","Food Products (Whls)","Verified"
"All Discount","","","4114 Monterey Hwy","San Jose","CA","95111","C","","","","64-296-3524","1 to 4","Less Than $500,000","(408) 363-1635","531104","Retail Shops","531104","Retail Shops","Verified"
"Allied Food Distributors Inc","Jim","Scharette","1225 California Ave","Pittsburg","CA","94565","A","Male","Owner","9254329860","53-057-6867","50 to 99","$20-50 Million","(925) 432-1625","541105","Grocers-Retail","541105","Grocers-Retail","Verified"
"Amazon Go","","","3 Embarcadero Ctr # Joeyjoey","San Francisco","CA","94111","C","","","","74-712-7096","1 to 4","$500,000-1 Million","(888) 280-4331","541103","Convenience Stores","541103","Convenience Stores","Verified"
"Amazon Go","","","575 Market St # 150","San Francisco","CA","94105","C","","","","74-270-5715","1 to 4","$500,000-1 Million","(888) 280-4331","541103","Convenience Stores","541103","Convenience Stores","Verified"
"Andronico's Community Markets","Jonathan","North","1550 Shattuck Ave","Berkeley","CA","94709","A","Male","Director","5108413042","83-454-1468","100 to 249","$20-50 Million","(510) 841-7946","541105","Grocers-Retail","541105","Grocers-Retail","Verified"
"Andronico's Community Markets","John","Spain","1850 Solano Ave","Berkeley","CA","94707","A+","Male","Director","5105248671","40-478-0629","100 to 249","$20-50 Million","(510) 524-1673","541105","Grocers-Retail","541105","Grocers-Retail","Verified"
"Andronico's Community Markets","Enrique","Sanchez","690 Fremont Ave","Los Altos","CA","94024","A+","Male","General Mgr","","69-702-0154","50 to 99","$20-50 Million","(650) 948-6648","541105","Grocers-Retail","541105","Grocers-Retail","Verified"
"Andronico's Community Markets","Theresa","Goodwin","100 Center Blvd","San Anselmo","CA","94960","A+","Female","Sales Exec","4154558502","90-724-3463","50 to 99","$10-20 Million","(415) 455-8186","541105","Grocers-Retail","541105","Grocers-Retail","Verified"
"Andronico's Community Markets","","","1200 Irving St","San Francisco","CA","94122","B+","","","","72-330-1358","100 to 249","$20-50 Million","(415) 661-3220","541105","Grocers-Retail","541105","Grocers-Retail","Verified"
"Andy's Produce Markets","Kim","Heing","1691 Gravenstein Hwy N","Sebastopol","CA","95472","A","Female","Manager","7078235358","85-858-6902","50 to 99","$10-20 Million","(707) 823-8661","541105","Grocers-Retail","541105","Grocers-Retail","Verified"
"Apatzingan Market","Rosendo","Chavez","901 N 13th","San Jose","CA","95112","B+","Male","Owner","","40-217-8970","10 to 19","$2.5-5 Million","(408) 297-1163","541105","Grocers-Retail","541105","Grocers-Retail","Verified"
"Arteaga's Food Ctr","Alonzo","Lopez","6906 Automall Pkwy","Gilroy","CA","95020","A","Male","President","4088476383","59-443-1181","50 to 99","$10-20 Million","(408) 847-7542","541105","Grocers-Retail","541105","Grocers-Retail","Verified"
"Arteagas Food Ctr","","","2103 Scott Blvd","Santa Clara","CA","95050","C","","","","71-004-1231","1 to 4","$500,000-1 Million","(408) 982-3453","531104","Retail Shops","531104","Retail Shops","Verified"
"Arteagas Food Svc","Alonzo","Lopez","1003 Lincoln Ave","San Jose","CA","95125","A","Male","Owner","4088820116","18-113-8496","20 to 49","$5-10 Million","(408) 882-0117","541105","Grocers-Retail","541105","Grocers-Retail","Verified"
"Atlantis Food Svc","Anton","Haddad","30470 Whipple Rd","Union City","CA","94587","A","Male","Owner","5104411581","39-347-7617","10 to 19","$20-50 Million","(510) 441-7441","514105","Grocers-Wholesale","514105","Grocers-Wholesale","Verified"
"Aytm Ask Your Target Market","Lev","Mazin","123 10th St","San Francisco","CA","94103","C+","Male","CEO","","42-567-3724","1 to 4","$500,000-1 Million","(415) 364-8601","541105","Grocers-Retail","541105","Grocers-Retail","Verified"
"Azteca Market","","","2995 Jefferson St","Napa","CA","94558","B+","","","","70-500-3828","10 to 19","$2.5-5 Million","(707) 266-1333","541105","Grocers-Retail","541105","Grocers-Retail","Verified"
"Barragan Inc","Saul","Barragan","1519 S Claremont St","San Mateo","CA","94402","B+","Male","Owner","","43-602-1115","10 to 19","$2.5-5 Million","(650) 286-1914","541103","Convenience Stores","541103","Convenience Stores","Verified"
"Berry's Market","Margie","Johnson","5290 Aero Dr","Santa Rosa","CA","95403","B+","Female","Manager","","69-752-3892","10 to 19","$2.5-5 Million","(707) 571-7887","541105","Grocers-Retail","541105","Grocers-Retail","Verified"
"Best Buy","Skylar","Hartman","3090 Stevens Creek Blvd","San Jose","CA","95128","A+","Male","Manager","","24-879-2830","100 to 249","$20-50 Million","(408) 241-6040","573117","Electronic Equipment & Supplies-Retail","573117","Electronic Equipment & Supplies-Retail","Verified"
"BEVMO!","Lesli","Gonzales","5171 Mowry Ave","Fremont","CA","94538","A","Female","Site Manager","5107458556","26-870-7122","10 to 19","$5-10 Million","(510) 745-8556","592102","Liquors-Retail","592102","Liquors-Retail","Verified"
"BEVMO!","Ken","Fairbanks","1220 Fitzgerald Dr","Pinole","CA","94564","A","Male","Manager","5106691555","36-508-7774","10 to 19","$5-10 Million","(510) 669-1331","592102","Liquors-Retail","592102","Liquors-Retail","Verified"
"Bi-Rite Market","Sam","Mogannam","3639 18th St","San Francisco","CA","94110","A","Male","Owner","4152419870","96-769-3847","100 to 249","$5-10 Million","(415) 241-9760","581208","Restaurants","581208","Restaurants","Verified"
"Bi-Rite Market Divisadero","Anne","Walker","550 Divisadero St","San Francisco","CA","94117","A","Female","Owner","","42-538-1378","100 to 249","$20-50 Million","(415) 551-7900","541105","Grocers-Retail","541105","Grocers-Retail","Verified"
"Bianchini's Market","Kevin","Bianchini","3130 Alpine Rd # 415","Portola Valley","CA","94028","A","Male","Owner","6508518097","52-095-4801","20 to 49","$5-10 Million","(650) 851-4391","541105","Grocers-Retail","541105","Grocers-Retail","Verified"
"Bianchini's Market","Chris","Bianchini","810 Laurel St","San Carlos","CA","94070","A","Male","Owner","6505920976","10-198-1744","20 to 49","$5-10 Million","(650) 592-4701","541105","Grocers-Retail","541105","Grocers-Retail","Verified"
"Big John's Market","John","Lloyd","1345 Healdsburg Ave","Healdsburg","CA","95448","A","Male","Owner","7074335681","10-417-4982","20 to 49","$10-20 Million","(707) 433-7151","541105","Grocers-Retail","541105","Grocers-Retail","Verified"
"Big Lots","Debbie","Cusham","1832 Hillsdale Ave # 1","San Jose","CA","95124","A+","Female","Site Manager","4082678566","49-073-3680","20 to 49","$5-10 Million","(408) 267-7283","533101","Variety Stores","533101","Variety Stores","Verified"
"Big Lots","","","3735 El Camino Real # 1","Santa Clara","CA","95051","A+","","","4082470747","98-101-1323","20 to 49","$10-20 Million","(408) 247-0389","533101","Variety Stores","533101","Variety Stores","Verified"
"Bill Market","Dan","Cunningham","1102 Tubbs Ln","Calistoga","CA","94515","B+","Male","Owner","","43-275-1572","10 to 19","$2.5-5 Million","(707) 942-8999","541105","Grocers-Retail","541105","Grocers-Retail","Verified"
"Bolinas People's Store","Claire","Heart","14 Wharf Rd","Bolinas","CA","94924","A","Female","Manager","4158681219","10-306-8029","10 to 19","$2.5-5 Million","(415) 868-1433","541105","Grocers-Retail","541105","Grocers-Retail","Verified"
"Bonfare Market","","","650 Central Ave # H","Alameda","CA","94501","A","","","","42-322-8203","5 to 9","$1-2.5 Million","(510) 263-0272","541105","Grocers-Retail","541105","Grocers-Retail","Verified"
"Bonfare Markets Inc","Jag","Kapoor","461 S Milpitas Blvd # 1","Milpitas","CA","95035","A+","Male","CEO","4089334545","49-270-5421","10 to 19","","(408) 874-8600","541105","Grocers-Retail","541105","Grocers-Retail","Verified"
"Bonfare Markets Inc","Jag","Kapoor","461 S Milpitas Blvd # 1","Milpitas","CA","95035","A+","Male","CEO","4089334545","83-445-9588","20 to 49","","(408) 874-8600","541105","Grocers-Retail","541105","Grocers-Retail","Verified"
"Broadway Market","Ron","Rodgers","20511 Broadway","Sonoma","CA","95476","A","Male","Owner","","45-378-1171","20 to 49","$5-10 Million","(707) 938-2685","541105","Grocers-Retail","541105","Grocers-Retail","Verified"
"Browns Valley Meat","Larry","Giovannoni","3263 Browns Valley Rd","Napa","CA","94558","A","Male","Owner","","71-580-2112","50 to 99","$5-10 Million","(707) 253-1873","542107","Meat-Retail","542107","Meat-Retail","Verified"
"Bryan's Grocery","Peter","Flannery","3445 California St","San Francisco","CA","94118","A","Male","Owner","","10-240-8820","20 to 49","$10-20 Million","(415) 752-0179","541105","Grocers-Retail","541105","Grocers-Retail","Verified"
"C & H Development","","","1380 Holiday Ln","Fairfield","CA","94534","B","","","","39-334-1995","1 to 4","$500,000-1 Million","(707) 399-9212","531104","Retail Shops","531104","Retail Shops","Verified"
"C J United Food Corp","Cathy","Leec","105 Jackson St","Oakland","CA","94607","A","Female","Owner","5106635420","97-269-8559","10 to 19","$10-20 Million","(510) 834-3468","514101","Food Products (Whls)","514101","Food Products (Whls)","Verified"
"Cal Mart","William","Shaw","1491 Lincoln Ave","Calistoga","CA","94515","A","Male","Owner","7079420812","40-134-9290","50 to 99","$10-20 Million","(707) 942-6271","541105","Grocers-Retail","541105","Grocers-Retail","Verified"
"California Farmers Mkt Assoc","Doug","Hayden","3000 Citrus Cir # 111","Walnut Creek","CA","94598","B+","Male","President","","25-123-1106","5 to 9","$1-2.5 Million","(925) 465-4690","541105","Grocers-Retail","541105","Grocers-Retail","Verified"
"Canaan","","","3817 International Blvd","Oakland","CA","94601","C","","","","74-086-8852","1 to 4","Less Than $500,000","(510) 479-3541","531104","Retail Shops","531104","Retail Shops","Verified"
"Capital Car Wash","Wilbert","Coret","2701 Story Rd","San Jose","CA","95127","A","Male","Manager","4089266200","49-073-5412","50 to 99","$2.5-5 Million","(408) 926-6200","754201","Car Washing & Polishing","754201","Car Washing & Polishing","Verified"
"Cardenas Market","Manuel","Cardena","1731 E Bayshore Rd","East Palo Alto","CA","94303","A","Male","Owner","","42-738-2141","50 to 99","$10-20 Million","(650) 248-2171","541105","Grocers-Retail","541105","Grocers-Retail","Verified"
"Cardenas Market","","","727 1st St","Gilroy","CA","95020","B+","","","","74-203-2382","50 to 99","$10-20 Million","(408) 493-0113","541105","Grocers-Retail","541105","Grocers-Retail","Verified"
"Cardenas Market","Robert","Esquivel","20812 Hesperian Blvd","Hayward","CA","94541","A","Male","Director","","64-971-2494","10 to 19","$2.5-5 Million","(510) 300-0160","541105","Grocers-Retail","541105","Grocers-Retail","Verified"
"Cardenas Market","Manny","Hernandez","1630 High St","Oakland","CA","94601","A","Male","Director","","42-563-2803","100 to 249","$50-100 Million","(510) 532-2654","541105","Grocers-Retail","541105","Grocers-Retail","Verified"
"Cardenas Market","","","2100 Railroad Ave","Pittsburg","CA","94565","A","","","","40-239-4557","50 to 99","$10-20 Million","(925) 427-1697","541105","Grocers-Retail","541105","Grocers-Retail","Verified"
"Cardenas Market","Carlos","Mejia","1070 S White Rd","San Jose","CA","95127","A","Male","Director","","40-476-8075","50 to 99","$10-20 Million","(408) 856-6461","541105","Grocers-Retail","541105","Grocers-Retail","Verified"
"Cardenas Market","Juvenal","Chavez","1745 Story Rd","San Jose","CA","95122","A+","Male","CEO","4089281172","46-931-1690","100 to 249","$20-50 Million","(408) 259-3421","541105","Grocers-Retail","541105","Grocers-Retail","Verified"
"Cardenas Market","","","320 N Capitol Ave","San Jose","CA","95133","B+","","","","74-170-0662","50 to 99","$10-20 Million","(408) 240-0590","541105","Grocers-Retail","541105","Grocers-Retail","Verified"
"Cardenas Market","Martin","Reyes","330 Bellam Blvd","San Rafael","CA","94901","A+","Male","Director","","41-530-2568","100 to 249","$50-100 Million","(415) 578-3971","541105","Grocers-Retail","541105","Grocers-Retail","Verified"
"Cardenas Market","","","2107 Solano Ave","Vallejo","CA","94590","B+","","","","74-210-2857","50 to 99","$20-50 Million","(707) 515-7995","541105","Grocers-Retail","541105","Grocers-Retail","Verified"
"Casa Del Mole","Hernando","Teraz","434 Center St","Healdsburg","CA","95448","B+","Male","Manager","7074333744","10-417-7027","5 to 9","$1-2.5 Million","(707) 433-4138","541105","Grocers-Retail","541105","Grocers-Retail","Verified"
"Casa Lucas","Humberto","Felix","4555 Mission St","San Francisco","CA","94112","A","Male","Owner","4153340850","83-344-0274","20 to 49","$5-10 Million","(415) 334-9747","541105","Grocers-Retail","541105","Grocers-Retail","Verified"
"Casa Lucas Market","Arturo","Felix","2934 24th St","San Francisco","CA","94110","A","Male","Owner","4158267985","10-248-6461","20 to 49","$5-10 Million","(415) 826-4334","541105","Grocers-Retail","541105","Grocers-Retail","Verified"
"Chapparral Supermarket","Fatyma","Carracana","1001 E Santa Clara St","San Jose","CA","95116","B+","Male","Owner","4089983206","53-635-4772","10 to 19","$2.5-5 Million","(408) 998-8028","541105","Grocers-Retail","541105","Grocers-Retail","Verified"
"Chavez Supermarket","David","Chavez","3282 Middlefield Rd","Menlo Park","CA","94025","A","Male","Owner","6503653162","30-134-4420","10 to 19","$2.5-5 Million","(650) 365-6510","541105","Grocers-Retail","541105","Grocers-Retail","Verified"
"Chavez Supermarket","Juan","Arteaga","46 5th Ave","Redwood City","CA","94063","A","Male","General Mgr","","60-438-3562","20 to 49","$10-20 Million","(650) 701-1801","541105","Grocers-Retail","541105","Grocers-Retail","Verified"
"Chavez Supermarket","David","Chavez","775 Arguello St","Redwood City","CA","94063","A","Male","Owner","6503671108","10-194-8883","20 to 49","$5-10 Million","(650) 367-8819","541105","Grocers-Retail","541105","Grocers-Retail","Verified"
"Chavez Supermarket","David","Chavez","646 Blossom Hill Rd","San Jose","CA","95123","A","Male","Owner","","40-383-6543","50 to 99","$10-20 Million","(408) 226-1452","541105","Grocers-Retail","541105","Grocers-Retail","Verified"
"Chavez Supermarket","","","500 S Norfolk St","San Mateo","CA","94401","B+","","","","71-575-0197","5 to 9","$500,000-1 Million","(650) 781-3950","541105","Grocers-Retail","541105","Grocers-Retail","Verified"
"Chavez Supermarket","David","Chavez","666 N Fair Oaks Ave","Sunnyvale","CA","94085","A","Male","Owner","4087362764","10-201-5526","20 to 49","$10-20 Million","(408) 736-3793","541105","Grocers-Retail","541105","Grocers-Retail","Verified"
"Chavez Supermarket & Taqueria","Beto","Chavez","1157 W Tennyson Rd","Hayward","CA","94544","A","Male","Manager","5107834209","96-115-4861","50 to 99","$10-20 Million","(510) 783-4052","541105","Grocers-Retail","541105","Grocers-Retail","Verified"
"Chavez Supermarket-Sn Jose","Beto","Chavez","2327 Mckee Rd","San Jose","CA","95116","A","Male","HR Executive","4089291023","26-686-0360","50 to 99","$10-20 Million","(408) 929-5208","541105","Grocers-Retail","541105","Grocers-Retail","Verified"
"Chef'Store","Steve","Bierman","400 Oak St","Oakland","CA","94607","B+","Male","Manager","","65-346-6961","10 to 19","$2.5-5 Million","(510) 251-9345","541105","Grocers-Retail","541105","Grocers-Retail","Verified"
"Chef'Store","Zarate","Gutierrez","170 S Van Ness Ave","San Francisco","CA","94103","A","Male","Manager","4158369297","73-598-8259","10 to 19","$2.5-5 Million","(415) 864-8284","541105","Grocers-Retail","541105","Grocers-Retail","Verified"
"Chef'Store","Ben","Wiseman","565 Barham Ave","Santa Rosa","CA","95404","A","Male","Manager","7075435949","59-557-5549","20 to 49","$5-10 Million","(707) 543-5844","541105","Grocers-Retail","541105","Grocers-Retail","Verified"
"Chicago Sweetners Of Ca Inc","W Craig","Jarrard","23575 Cabot Blvd # 209","Hayward","CA","94545","A","Male","Operation Exec","","60-749-8193","10 to 19","$20-50 Million","(510) 732-6682","514101","Food Products (Whls)","514101","Food Products (Whls)","Verified"
"Circle K 76","Ben","Lapithe","15199 Washington Ave","San Leandro","CA","94579","A","Male","Site Manager","","83-381-9352","5 to 9","$1-2.5 Million","(510) 483-6826","541103","Convenience Stores","541103","Convenience Stores","Verified"
"College Market","Darryl","Wheeler","15 Angwin Plz","Angwin","CA","94508","A","Male","Manager","7079656698","46-795-9375","20 to 49","$10-20 Million","(707) 965-6321","541105","Grocers-Retail","541105","Grocers-Retail","Verified"
"Columbus Manufacturing Inc","Timothy","Fallon","30977 San Antonio St","Hayward","CA","94544","A+","Male","President","5108878323","36-617-6626","50 to 99","","(510) 921-3400","731908","Distribution Services","731908","Distribution Services","Verified"
"Community Foods Market IGA","","","3105 San Pablo Ave","Oakland","CA","94608","B+","","","","73-764-2437","20 to 49","$5-10 Million","(510) 285-6985","541105","Grocers-Retail","541105","Grocers-Retail","Verified"
"Community Market Natural Food","Melissa","Minton","1899 Mendocino Ave","Santa Rosa","CA","95401","A","Female","Manager","7075466555","30-192-4817","20 to 49","$2.5-5 Million","(707) 546-1806","549901","Health & Diet Foods-Retail","549901","Health & Diet Foods-Retail","Verified"
"Concorde Grocery Outlet","Ravi","Dionio","1840 Willow Pass Rd","Concord","CA","94520","A","Male","Manager","","40-314-5004","20 to 49","$5-10 Million","(925) 363-3421","541105","Grocers-Retail","541105","Grocers-Retail","Verified"
"Contreras Market","Rigoberto","Contreras","861 Rincon Ave","Livermore","CA","94551","B+","Male","President","","21-146-4201","5 to 9","$1-2.5 Million","(925) 960-0508","541105","Grocers-Retail","541105","Grocers-Retail","Verified"
"Core-Mark International Inc","J Michael","Walsh","395 Oyster Point Blvd # 415","South San Francisco","CA","94080","A+","Male","CEO","6509524284","23-017-9632","100 to 249","","(650) 589-9445","514999","Groceries & Related Products NEC (Whls)","514999","Groceries & Related Products NEC (Whls)","Verified"
"Costco Business Ctr","","","22330 Hathaway Ave","Hayward","CA","94541","B+","","","","53-230-7345","5 to 9","$500,000-1 Million","(510) 259-6600","531110","Wholesale Clubs","531110","Wholesale Clubs","Verified"
"Costco Business Ctr","John","Zenezia","900 Dubuque Ave","South San Francisco","CA","94080","A","Male","Manager","","72-637-1961","100 to 249","$20-50 Million","(650) 784-4047","531110","Wholesale Clubs","531110","Wholesale Clubs","Verified"
"Costco Business Ctr","","","2376 S Evergreen Loop","San Jose","CA","95122","A+","","","","75-306-1151","20 to 49","","(669) 236-4679","531110","Wholesale Clubs","531110","Wholesale Clubs","Verified"
"Costco Wholesale","Art","Salas","2201 Verne Roberts Cir","Antioch","CA","94509","A+","Male","Vice President","9257571980","48-491-9295","100 to 249","$20-50 Million","(925) 757-7130","531110","Wholesale Clubs","531110","Wholesale Clubs","Verified"
"Costco Wholesale","Victor","Curtis","2400 Monument Blvd","Concord","CA","94520","A+","Male","Senior VP","9255664031","73-441-2952","250 to 499","$50-100 Million","(925) 566-4003","531110","Wholesale Clubs","531110","Wholesale Clubs","Verified"
"Costco Wholesale","Victor","Curtis","3150 Fostoria Way","Danville","CA","94526","A+","Male","Senior VP","9252771610","73-438-4475","250 to 499","$50-100 Million","(925) 277-0407","531110","Wholesale Clubs","531110","Wholesale Clubs","Verified"
"Costco Wholesale","Victor","Curtis","5101 Business Center Dr","Fairfield","CA","94534","A+","Male","Senior VP","7078646918","39-334-6259","100 to 249","$20-50 Million","(707) 864-3816","531110","Wholesale Clubs","531110","Wholesale Clubs","Verified"
"Costco Wholesale","Victor","Curtis","1001 Metro Center Blvd","Foster City","CA","94404","A+","Male","Senior VP","4253136922","73-441-5989","250 to 499","$50-100 Million","(650) 286-0739","531110","Wholesale Clubs","531110","Wholesale Clubs","Verified"
"Costco Wholesale","Victor","Curtis","43621 Pacific Commons Blvd","Fremont","CA","94538","A+","Male","Senior VP","5108971113","26-671-0896","250 to 499","$50-100 Million","(510) 897-1092","531110","Wholesale Clubs","531110","Wholesale Clubs","Verified"
"Costco Wholesale","Victor","Curtis","7251 Camino Arroyo","Gilroy","CA","95020","A+","Male","Senior VP","4088480720","36-691-2616","100 to 249","$50-100 Million","(408) 848-0700","531110","Wholesale Clubs","531110","Wholesale Clubs","Verified"
"Costco Wholesale","Victor","Curtis","28505 Hesperian Blvd","Hayward","CA","94545","A","Male","Senior VP","5109213130","40-230-4506","100 to 249","$20-50 Million","(510) 921-3128","531110","Wholesale Clubs","531110","Wholesale Clubs","Verified"
"Costco Wholesale","Dennis","Hoover","2800 Independence Dr","Livermore","CA","94551","A+","Male","Senior VP","9254436057","40-230-8249","100 to 249","$20-50 Million","(925) 443-6306","531110","Wholesale Clubs","531110","Wholesale Clubs","Verified"
"Costco Wholesale","Victor","Curtis","1000 N Rengstorff Ave","Mountain View","CA","94043","A+","Male","Senior VP","6509881164","73-433-3148","100 to 249","$50-100 Million","(650) 988-1841","531110","Wholesale Clubs","531110","Wholesale Clubs","Verified"
"Costco Wholesale","Art","Salas","300 Vintage Way","Novato","CA","94945","B+","Male","Vice President","4253136595","40-230-8419","1 to 4","$500,000-1 Million","(415) 899-1332","531110","Wholesale Clubs","531110","Wholesale Clubs","Verified"
"Costco Wholesale","Victor","Curtis","2300 Middlefield Rd","Redwood City","CA","94063","A+","Male","Senior VP","6505684044","45-507-3841","250 to 499","$50-100 Million","(650) 568-4040","531110","Wholesale Clubs","531110","Wholesale Clubs","Verified"
"Costco Wholesale","Victor","Curtis","4801 Central Ave","Richmond","CA","94804","A+","Male","Senior VP","5108982005","49-723-3601","50 to 99","$5-10 Million","(510) 898-2003","531110","Wholesale Clubs","531110","Wholesale Clubs","Verified"
"Costco Wholesale","Victor","Curtis","5901 Redwood Dr","Rohnert Park","CA","94928","A+","Male","Senior VP","7075409130","24-715-3760","20 to 49","$5-10 Million","(707) 540-9113","531110","Wholesale Clubs","531110","Wholesale Clubs","Verified"
"Costco Wholesale","Beth","Monroe","1600 El Camino Real","South San Francisco","CA","94080","A+","Female","Manager","6507573005","23-912-2435","100 to 249","$20-50 Million","(650) 757-3003","531110","Wholesale Clubs","531110","Wholesale Clubs","Verified"
"Costco Wholesale","Victor","Curtis","451 S Airport Blvd","South San Francisco","CA","94080","A+","Male","Senior VP","6508719762","70-013-7899","100 to 249","$20-50 Million","(650) 872-2021","531110","Wholesale Clubs","531110","Wholesale Clubs","Verified"
"Costco Wholesale","Art","Salas","450 10th St","San Francisco","CA","94103","A+","Male","Vice President","4156264599","49-947-4856","250 to 499","$50-100 Million","(415) 626-4388","531110","Wholesale Clubs","531110","Wholesale Clubs","Verified"
"Costco Wholesale","Victor","Curtis","1709 Automation Pkwy","San Jose","CA","95131","A","Male","Senior VP","4086782154","66-637-4095","250 to 499","$50-100 Million","(408) 678-2150","531110","Wholesale Clubs","531110","Wholesale Clubs","Verified"
"Costco Wholesale","Victor","Curtis","2201 Senter Rd","San Jose","CA","95112","A+","Male","Senior VP","4082750790","73-436-5192","250 to 499","$50-100 Million","(408) 275-0199","531110","Wholesale Clubs","531110","Wholesale Clubs","Verified"
"Costco Wholesale","Victor","Curtis","5301 Almaden Expy","San Jose","CA","95118","A+","Male","Senior VP","4087230837","46-929-7279","100 to 249","$50-100 Million","(408) 723-0964","531110","Wholesale Clubs","531110","Wholesale Clubs","Verified"
"Costco Wholesale","Andreas","Paden","6898 Raleigh Rd","San Jose","CA","95119","A","Male","Site Manager","","72-549-9585","250 to 499","$50-100 Million","(408) 908-7929","531110","Wholesale Clubs","531110","Wholesale Clubs","Verified"
"Costco Wholesale","Art","Salas","1900 Davis St","San Leandro","CA","94577","A+","Male","Vice President","5105626561","54-956-1710","250 to 499","$50-100 Million","(510) 562-6708","531110","Wholesale Clubs","531110","Wholesale Clubs","Verified"
"Costco Wholesale","Victor","Curtis","1601 Coleman Ave","Santa Clara","CA","95050","A+","Male","Senior VP","4253136595","46-927-3494","100 to 249","$50-100 Million","(408) 567-9000","531110","Wholesale Clubs","531110","Wholesale Clubs","Verified"
"Costco Wholesale","Art","Salas","1900 Santa Rosa Ave","Santa Rosa","CA","95407","B+","Male","Vice President","7075666422","70-013-7921","1 to 4","$500,000-1 Million","(707) 578-3775","531110","Wholesale Clubs","531110","Wholesale Clubs","Verified"
"Costco Wholesale","Victor","Curtis","150 Lawrence Station Rd","Sunnyvale","CA","94086","A+","Male","Senior VP","4084708006","49-719-4274","250 to 499","$50-100 Million","(408) 730-1892","531110","Wholesale Clubs","531110","Wholesale Clubs","Verified"
"Costco Wholesale","Victor","Curtis","1051 Hume Way","Vacaville","CA","95687","A+","Male","Senior VP","7074537360","36-862-2403","250 to 499","$50-100 Million","(707) 453-7343","531110","Wholesale Clubs","531110","Wholesale Clubs","Verified"
"Costco Wholesale","Victor","Curtis","198 Plaza Dr","Vallejo","CA","94591","A+","Male","Senior VP","7075536414","40-399-8669","250 to 499","$50-100 Million","(707) 553-6400","531110","Wholesale Clubs","531110","Wholesale Clubs","Verified"
"Country Sun Natural Foods","Elena","Silverman","440 California Ave","Palo Alto","CA","94306","A","Female","Manager","6503210995","40-474-2512","10 to 19","$2.5-5 Million","(650) 324-9190","541105","Grocers-Retail","541105","Grocers-Retail","Verified"
"Cunha's Country Store","Mark","Ahoury","448 Main St","Half Moon Bay","CA","94019","A","Male","Manager","6507267718","83-429-4316","20 to 49","$5-10 Million","(650) 726-4071","541105","Grocers-Retail","541105","Grocers-Retail","Verified"
"Dai Thanh Supermarket","","","420 S 2nd St","San Jose","CA","95113","A","","","","83-020-7932","20 to 49","$5-10 Million","(408) 294-1385","541105","Grocers-Retail","541105","Grocers-Retail","Verified"
"Daiso","Yoko","Tanaka","685 Saratoga Ave # 20","San Jose","CA","95129","B+","Female","Manager","","43-333-9506","10 to 19","$2.5-5 Million","(408) 343-1170","533101","Variety Stores","533101","Variety Stores","Verified"
"Daiso California","Steve","Kamikawa","2202 S Shore Ctr","Alameda","CA","94501","A","Male","Manager","5108147209","43-414-8551","10 to 19","$2.5-5 Million","(510) 814-7206","533101","Variety Stores","533101","Variety Stores","Verified"
"Daiso California","Binh","Giang","5719 Christie Ave","Emeryville","CA","94608","A","Male","Site Manager","","72-130-9204","20 to 49","$2.5-5 Million","(510) 809-3150","533101","Variety Stores","533101","Variety Stores","Verified"
"Damon's Fine Foods","","","1346 The Alameda # 7","San Jose","CA","95126","B","","","","75-608-2556","5 to 9","$1-2.5 Million","(408) 357-4060","541105","Grocers-Retail","541105","Grocers-Retail","Verified"
"Dave's Market","David","Berry","320 W 3rd St # A","Santa Rosa","CA","95401","B+","Male","Owner","","85-844-4417","5 to 9","$1-2.5 Million","(707) 542-8333","541103","Convenience Stores","541103","Convenience Stores","Verified"
"Diablo Foods Inc","Edwin B","Stokes","3615 MT Diablo Blvd","Lafayette","CA","94549","A","Male","CEO","9252847648","10-418-4783","100 to 249","$5-10 Million","(925) 283-0737","581208","Restaurants","581208","Restaurants","Verified"
"Discount City","Mohammad","Ohirad","1440 Webster St","Alameda","CA","94501","B","Male","Owner","","20-628-7997","5 to 9","$500,000-1 Million","(510) 521-7900","531104","Retail Shops","531104","Retail Shops","Verified"
"Discovery Shops America Cancer","Marilyn","Cheng","1659 Hollenbeck Ave","Sunnyvale","CA","94087","B+","Female","Manager","","52-099-9764","1 to 4","","(408) 737-7707","839938","Donation Centers","839938","Donation Centers","Verified"
"Dollar City","Amam","Jalbani","911 Marina Village Pkwy","Alameda","CA","94501","C","Male","Manager","","41-442-2706","1 to 4","Less Than $500,000","(510) 748-0173","539901","General Merchandise-Retail","539901","General Merchandise-Retail","Verified"
"Dollar General","Bobby","Mcghee","7820 Brentwood Blvd","Brentwood","CA","94513","A","Male","Regional Mgr","9256347462","10-399-8134","10 to 19","$2.5-5 Million","(925) 308-5539","533101","Variety Stores","533101","Variety Stores","Verified"
"Dollar General","","","465 S Cloverdale Blvd","Cloverdale","CA","95425","B+","","","","72-066-2850","5 to 9","$1-2.5 Million","(707) 404-3495","533101","Variety Stores","533101","Variety Stores","Verified"
"Dollar Tree","Pradeep","Yoshi","2317 Blanding Ave # A","Alameda","CA","94501","A","Male","Site Manager","","70-643-1069","10 to 19","$1-2.5 Million","(510) 217-4996","533101","Variety Stores","533101","Variety Stores","Verified"
"Dollar Tree","Connie","Conception","3305 Deer Valley Rd","Antioch","CA","94531","A","Female","Manager","","40-311-7038","10 to 19","$2.5-5 Million","(925) 470-4466","533101","Variety Stores","533101","Variety Stores","Verified"
"Dollar Tree","Larry","Morgan","690 Bailey Rd","Bay Point","CA","94565","A","Male","Site Manager","","40-296-7462","10 to 19","$1-2.5 Million","(925) 232-3021","533101","Variety Stores","533101","Variety Stores","Verified"
"Dollar Tree","David","Kim","516 El Camino Real","Belmont","CA","94002","A+","Male","Site Manager","6505951196","24-965-1969","20 to 49","$5-10 Million","(650) 801-3481","533101","Variety Stores","533101","Variety Stores","Verified"
"Dollar Tree","","","856 Southampton Rd","Benicia","CA","94510","A","","","","42-682-9879","10 to 19","$1-2.5 Million","(707) 741-2076","533101","Variety Stores","533101","Variety Stores","Verified"
"Dollar Tree","","","1284 San Pablo Ave","Berkeley","CA","94706","A","","","","42-115-7297","10 to 19","$1-2.5 Million","(510) 898-2105","533101","Variety Stores","533101","Variety Stores","Verified"
"Dollar Tree","","","3141 Balfour Rd","Brentwood","CA","94513","B+","","","","72-054-2148","10 to 19","$1-2.5 Million","(925) 392-9042","533101","Variety Stores","533101","Variety Stores","Verified"
"Dollar Tree","","","51 Sand Creek Rd","Brentwood","CA","94513","A","","","","62-650-7271","10 to 19","$1-2.5 Million","(925) 392-9041","533101","Variety Stores","533101","Variety Stores","Verified"
"Dollar Tree","","","150 N San Tomas Aquino Rd","Campbell","CA","95008","A+","","","","37-887-2345","20 to 49","$5-10 Million","(408) 963-2535","533101","Variety Stores","533101","Variety Stores","Verified"
"Dollar Tree","Shauk","Lung","2425 Winchester Blvd","Campbell","CA","95008","A","Female","Site Manager","","39-915-2040","10 to 19","$2.5-5 Million","(408) 963-2537","533101","Variety Stores","533101","Variety Stores","Verified"
"Dollar Tree","","","3180 Castro Valley Blvd","Castro Valley","CA","94546","B","","","","74-420-2040","10 to 19","$1-2.5 Million","(510) 921-3810","533101","Variety Stores","533101","Variety Stores","Verified"
"Dollar Tree","Tanya","Campbell","735 Serramonte Blvd","Colma","CA","94014","A","Female","Site Manager","","40-311-7457","20 to 49","$5-10 Million","(415) 570-0053","533101","Variety Stores","533101","Variety Stores","Verified"
"Dollar Tree","Kevin","Sims","1825 Salvio St","Concord","CA","94520","A","Male","Site Manager","","43-509-1895","10 to 19","$2.5-5 Million","(925) 349-3538","533101","Variety Stores","533101","Variety Stores","Verified"
"Dollar Tree","Jennifer","Navarrete","2030 Monument Blvd","Concord","CA","94520","B","Female","Other","","74-428-9850","10 to 19","$1-2.5 Million","(925) 349-3565","533101","Variety Stores","533101","Variety Stores","Verified"
"Dollar Tree","Yolanda","Fley","5434 Ygnacio Valley Rd # 200","Concord","CA","94521","A","Female","Site Manager","9256723676","56-285-8704","10 to 19","$1-2.5 Million","(925) 693-9012","533101","Variety Stores","533101","Variety Stores","Verified"
"Dollar Tree","Heather","Kangrga","640 E Cotati Ave # B","Cotati","CA","94931","A","Female","Manager","","43-383-1834","10 to 19","$1-2.5 Million","(707) 992-1045","533101","Variety Stores","533101","Variety Stores","Verified"
"Dollar Tree","Alberto","Jutierrez","2840 Geneva Ave","Daly City","CA","94014","A","Male","Site Manager","","41-603-7363","10 to 19","$2.5-5 Million","(415) 570-0144","533101","Variety Stores","533101","Variety Stores","Verified"
"Dollar Tree","","","6232 Mission St","Daly City","CA","94014","B+","","","","71-582-9520","10 to 19","$2.5-5 Million","(415) 570-0090","533101","Variety Stores","533101","Variety Stores","Verified"
"Dollar Tree","Nicole","Lopez","1700 N 1st St # A","Dixon","CA","95620","A","Female","Site Manager","","42-585-4093","10 to 19","$1-2.5 Million","(707) 679-5105","533101","Variety Stores","533101","Variety Stores","Verified"
"Dollar Tree","Cheryl","Kwong","7775 Amador Valley Blvd","Dublin","CA","94568","A","Female","Manager","","39-065-6908","10 to 19","$2.5-5 Million","(925) 361-1066","533101","Variety Stores","533101","Variety Stores","Verified"
"Dollar Tree","Richard","Diasca","3730 San Pablo Dam Rd","El Sobrante","CA","94803","B+","Male","Manager","","71-251-2675","10 to 19","$1-2.5 Million","(510) 854-5020","533101","Variety Stores","533101","Variety Stores","Verified"
"Dollar Tree","Julian","Guzman","2425 N Texas St","Fairfield","CA","94533","A","Male","Regional Mgr","7074252959","20-933-5637","10 to 19","$2.5-5 Million","(707) 639-5086","533101","Variety Stores","533101","Variety Stores","Verified"
"Dollar Tree","","","3060 Travis Blvd","Fairfield","CA","94534","B+","","","","71-177-5511","10 to 19","$1-2.5 Million","(707) 639-5087","533101","Variety Stores","533101","Variety Stores","Verified"
"Dollar Tree","Amanda","Sanford","3021 Skyway Ct","Fremont","CA","94539","A","Female","Manager","","72-178-8001","20 to 49","$2.5-5 Million","(510) 897-8268","533101","Variety Stores","533101","Variety Stores","Verified"
"Dollar Tree","Chris","Henderson","4949 Stevenson Blvd # G","Fremont","CA","94538","B+","Male","Site Manager","","42-395-0604","5 to 9","$1-2.5 Million","(510) 897-3090","533101","Variety Stores","533101","Variety Stores","Verified"
"Dollar Tree","Elizabeth","Del Sanramon","1260 1st St","Gilroy","CA","95020","B+","Female","Site Manager","","20-404-3574","5 to 9","$1-2.5 Million","(408) 427-0035","533101","Variety Stores","533101","Variety Stores","Verified"
"Dollar Tree","Anbelle","Garcia","20800 Hesperian Blvd","Hayward","CA","94541","A+","Female","Manager","","50-541-9564","20 to 49","$2.5-5 Million","(510) 921-3038","533101","Variety Stores","533101","Variety Stores","Verified"
"Dollar Tree","Bob","Risser","22487 Foothill Blvd","Hayward","CA","94541","B","Male","Manager","","42-713-6164","1 to 4","$500,000-1 Million","(510) 921-3341","533101","Variety Stores","533101","Variety Stores","Verified"
"Dollar Tree","","","26781 Mission Blvd","Hayward","CA","94544","A","","","","71-579-4502","20 to 49","$2.5-5 Million","(510) 921-3058","533101","Variety Stores","533101","Variety Stores","Verified"
"Dollar Tree","Margaret","Lingron","1041 Vine St","Healdsburg","CA","95448","A","Female","Site Manager","","22-321-3885","10 to 19","$2.5-5 Million","(707) 395-2018","533101","Variety Stores","533101","Variety Stores","Verified"
"Dollar Tree","","","4502 Las Positas Rd","Livermore","CA","94551","B+","","","","72-384-5266","10 to 19","$1-2.5 Million","(925) 493-4729","533101","Variety Stores","533101","Variety Stores","Verified"
"Dollar Tree","","","1047 Arnold Dr","Martinez","CA","94553","A","","","","42-243-1493","10 to 19","$1-2.5 Million","(925) 608-8050","533101","Variety Stores","533101","Variety Stores","Verified"
"Dollar Tree","Jannet","Leon","1350 S Park #10","Milpitas","CA","95035","A","Female","Site Manager","4089465309","18-113-7290","10 to 19","$2.5-5 Million","(408) 964-5442","533101","Variety Stores","533101","Variety Stores","Verified"
"Dollar Tree","Jack","Bessette","251 Ranch Dr","Milpitas","CA","95035","A","Male","Site Manager","","40-079-5336","20 to 49","$5-10 Million","(408) 964-5835","533101","Variety Stores","533101","Variety Stores","Verified"
"Dollar Tree","","","542 Center St","Moraga","CA","94556","A","","","","40-479-6488","10 to 19","$1-2.5 Million","(925) 388-2001","533101","Variety Stores","533101","Variety Stores","Verified"
"Dollar Tree","Tiffany","Roa","16975 Monterey St","Morgan Hill","CA","95037","A","Female","General Mgr","","24-578-2784","20 to 49","$5-10 Million","(408) 825-5503","533101","Variety Stores","533101","Variety Stores","Verified"
"Dollar Tree","","","199 E Middlefield Rd # 200","Mountain View","CA","94043","B+","","","","42-362-6856","10 to 19","$2.5-5 Million","(650) 386-4494","533101","Variety Stores","533101","Variety Stores","Verified"
"Dollar Tree","Toni","Arden","3230 Jefferson St","Napa","CA","94558","B+","Female","Site Manager","","71-202-0113","10 to 19","$1-2.5 Million","(707) 260-0157","533101","Variety Stores","533101","Variety Stores","Verified"
"Dollar Tree","","","35233 Newark Blvd # C","Newark","CA","94560","A","","","","40-335-4826","10 to 19","$1-2.5 Million","(510) 896-6806","533101","Variety Stores","533101","Variety Stores","Verified"
"Dollar Tree","Debrice","Gallo","455 Entrada Dr","Novato","CA","94949","A","Male","Site Manager","","64-662-9972","10 to 19","$2.5-5 Million","(415) 763-4007","533101","Variety Stores","533101","Variety Stores","Verified"
"Dollar Tree","Flor","Hernandez","1818 Park Blvd","Oakland","CA","94606","B","Female","Manager","","74-042-4633","10 to 19","$1-2.5 Million","(510) 907-2366","533101","Variety Stores","533101","Variety Stores","Verified"
"Dollar Tree","","","2445 International Blvd","Oakland","CA","94601","A","","","5104340317","73-436-4348","10 to 19","$1-2.5 Million","(510) 395-9000","533101","Variety Stores","533101","Variety Stores","Verified"
"Dollar Tree","Marta","Martinez","787 Hickey Blvd","Pacifica","CA","94044","A","Female","Site Manager","","67-406-7954","10 to 19","$2.5-5 Million","(650) 735-4039","533101","Variety Stores","533101","Variety Stores","Verified"
"Dollar Tree","","","1351 N Mcdowell Blvd","Petaluma","CA","94954","B+","","","","72-640-7970","10 to 19","$1-2.5 Million","(707) 992-1185","533101","Variety Stores","533101","Variety Stores","Verified"
"Dollar Tree","Saul","Hernandez","40 E Washington St","Petaluma","CA","94952","B+","Male","Site Manager","","42-240-8172","10 to 19","$1-2.5 Million","(707) 658-4152","533101","Variety Stores","533101","Variety Stores","Verified"
"Dollar Tree","","","1598 Fitzgerald Dr","Pinole","CA","94564","A","","","","37-482-5479","10 to 19","$2.5-5 Million","(510) 854-5024","533101","Variety Stores","533101","Variety Stores","Verified"
"Dollar Tree","Suki","Sidu","2951 Railroad Ave","Pittsburg","CA","94565","A+","Female","Site Manager","9252520537","54-524-5235","20 to 49","$2.5-5 Million","(925) 635-9232","533101","Variety Stores","533101","Variety Stores","Verified"
"Dollar Tree","Latia","Evans","4211 Century Blvd","Pittsburg","CA","94565","B+","Female","Manager","","72-114-4928","10 to 19","$1-2.5 Million","(925) 470-4835","533101","Variety Stores","533101","Variety Stores","Verified"
"Dollar Tree","Angela","Callahan","2318 Monument Blvd","Pleasant Hill","CA","94523","A+","Female","Site Manager","9256918310","48-306-1792","20 to 49","$2.5-5 Million","(925) 349-3563","533101","Variety Stores","533101","Variety Stores","Verified"
"Dollar Tree","","","4226 Rosewood Dr","Pleasanton","CA","94588","A","","","","42-528-6944","10 to 19","$1-2.5 Million","(925) 398-2112","533101","Variety Stores","533101","Variety Stores","Verified"
"Dollar Tree","","","312 Walnut St","Redwood City","CA","94063","B+","","","","70-530-2790","10 to 19","$1-2.5 Million","(650) 395-6126","533101","Variety Stores","533101","Variety Stores","Verified"
"Dollar Tree","Elaine","Edwards","4675 Redwood Dr","Rohnert Park","CA","94928","A","Female","Site Manager","","57-118-7889","10 to 19","$2.5-5 Million","(707) 540-9844","533101","Variety Stores","533101","Variety Stores","Verified"
"Dollar Tree","Allen","Black","555 El Camino Real","South San Francisco","CA","94080","A","Male","Site Manager","","64-389-9578","50 to 99","$5-10 Million","(650) 745-3136","533101","Variety Stores","533101","Variety Stores","Verified"
"Dollar Tree","Janine","Kemper","1121 Old County Rd","San Carlos","CA","94070","A","Female","Manager","","40-312-1298","20 to 49","$2.5-5 Million","(650) 801-5630","533101","Variety Stores","533101","Variety Stores","Verified"
"Dollar Tree","","","1054 S White Rd","San Jose","CA","95127","B","","","","74-343-3165","10 to 19","$2.5-5 Million","(408) 904-7994","533101","Variety Stores","533101","Variety Stores","Verified"
"Dollar Tree","Isaac","Gonzales","1178 N Capitol Ave","San Jose","CA","95132","A","Male","Site Manager","","65-465-0076","10 to 19","$2.5-5 Million","(408) 678-3453","533101","Variety Stores","533101","Variety Stores","Verified"
"Dollar Tree","","","14406 Union Ave","San Jose","CA","95124","A","","","","66-917-7354","20 to 49","$5-10 Million","(408) 963-2068","533101","Variety Stores","533101","Variety Stores","Verified"
"Dollar Tree","Nihal","Wasi","2155 Tully Rd","San Jose","CA","95122","A","Male","Manager","","40-931-2382","20 to 49","$5-10 Million","(408) 678-4181","533101","Variety Stores","533101","Variety Stores","Verified"
"Dollar Tree","","","2222 Business Cir","San Jose","CA","95128","A","","","","70-061-0802","10 to 19","$2.5-5 Million","(669) 212-4078","533101","Variety Stores","533101","Variety Stores","Verified"
"Dollar Tree","Victoria","Izadyar","2585 Almaden Rd","San Jose","CA","95125","B+","Female","Regional Mgr","","42-713-1833","10 to 19","$2.5-5 Million","(408) 826-3256","533101","Variety Stores","533101","Variety Stores","Verified"
"Dollar Tree","Star","Diaz","3065 Meridian Ave","San Jose","CA","95124","A","Female","Site Manager","","70-587-0755","10 to 19","$2.5-5 Million","(408) 826-3896","533101","Variety Stores","533101","Variety Stores","Verified"
"Dollar Tree","","","3251 S White Rd # 20","San Jose","CA","95148","B+","","","","73-479-9214","10 to 19","$2.5-5 Million","(408) 826-3250","533101","Variety Stores","533101","Variety Stores","Verified"
"Dollar Tree","Jenny","Perez","331 N Capitol Ave # A","San Jose","CA","95133","A","Female","Site Manager","4089260336","73-438-4954","10 to 19","$2.5-5 Million","(408) 678-3452","533101","Variety Stores","533101","Variety Stores","Verified"
"Dollar Tree","Jayson","Bierman","5041 Almaden Expy","San Jose","CA","95118","A","Male","Senior VP","","37-837-3104","10 to 19","$2.5-5 Million","(408) 826-0427","533101","Variety Stores","533101","Variety Stores","Verified"
"Dollar Tree","Victoria","Izadyar","5536 Monterey Hwy","San Jose","CA","95138","A","Female","Regional Mgr","","52-636-5663","5 to 9","$1-2.5 Million","(408) 826-0189","533101","Variety Stores","533101","Variety Stores","Verified"
"Dollar Tree","Jim","Micelli","5540 Snell Ave","San Jose","CA","95123","A+","Male","Sales Exec","4086297717","59-783-9976","50 to 99","$5-10 Million","(408) 826-3255","533101","Variety Stores","533101","Variety Stores","Verified"
"Dollar Tree","","","7128 Santa Teresa Blvd","San Jose","CA","95139","B+","","","","72-147-9036","10 to 19","$2.5-5 Million","(408) 960-7379","533101","Variety Stores","533101","Variety Stores","Verified"
"Dollar Tree","Tom","Hall","916 Story Rd","San Jose","CA","95122","A","Male","Finance Exec","","66-409-6781","20 to 49","$5-10 Million","(669) 212-4077","533101","Variety Stores","533101","Variety Stores","Verified"
"Dollar Tree","","","14801 Washington Ave","San Leandro","CA","94578","A","","","","22-588-6837","10 to 19","$2.5-5 Million","(510) 394-9684","533101","Variety Stores","533101","Variety Stores","Verified"
"Dollar Tree","Chris","Staley","16160 E 14th St # A","San Leandro","CA","94578","A","Male","Manager","","56-539-4012","10 to 19","$2.5-5 Million","(510) 921-3801","533101","Variety Stores","533101","Variety Stores","Verified"
"Dollar Tree","Paul","Mc Guire","1933 Davis St # 145","San Leandro","CA","94577","A","Male","Site Manager","","70-009-5507","10 to 19","$1-2.5 Million","(510) 394-9685","533101","Variety Stores","533101","Variety Stores","Verified"
"Dollar Tree","","","2415 San Pablo Dam Rd # 250","San Pablo","CA","94806","A","","","5102359898","17-744-3652","10 to 19","$2.5-5 Million","(510) 837-3529","533101","Variety Stores","533101","Variety Stores","Verified"
"Dollar Tree","Vincent","Penallza","825 Francisco Blvd W","San Rafael","CA","94901","A","Male","Manager","","41-539-1213","20 to 49","$5-10 Million","(415) 785-2818","533101","Variety Stores","533101","Variety Stores","Verified"
"Dollar Tree","Jennifer","Sayers","3024 El Camino Real","Santa Clara","CA","95051","A","Female","Manager","","40-397-5422","10 to 19","$2.5-5 Million","(408) 556-4719","533101","Variety Stores","533101","Variety Stores","Verified"
"Dollar Tree","Fern","Lewis","2019 Sebastopol Rd","Santa Rosa","CA","95407","A","Female","Site Manager","","41-641-4525","20 to 49","$5-10 Million","(707) 293-2805","533101","Variety Stores","533101","Variety Stores","Verified"
"Dollar Tree","Toni","Benson","2747 Yulupa Ave","Santa Rosa","CA","95405","A","Female","Site Manager","","40-417-6263","10 to 19","$1-2.5 Million","(707) 293-2631","533101","Variety Stores","533101","Variety Stores","Verified"
"Dollar Tree","Kim","Floyd","3080 Marlow Rd # A11","Santa Rosa","CA","95403","B+","Female","Manager","","70-859-1574","10 to 19","$2.5-5 Million","(707) 293-2488","533101","Variety Stores","533101","Variety Stores","Verified"
"Dollar Tree","Terry","Naughton","3589 Industrial Dr","Santa Rosa","CA","95403","A","Male","Site Manager","","40-437-2743","10 to 19","$1-2.5 Million","(707) 293-2487","533101","Variety Stores","533101","Variety Stores","Verified"
"Dollar Tree","Daniel","Dommer","18615 Sonoma Hwy #103","Sonoma","CA","95476","A","Male","Manager","","67-204-0987","10 to 19","$1-2.5 Million","(707) 931-2543","533101","Variety Stores","533101","Variety Stores","Verified"
"Dollar Tree","","","250 Sunset Ave # A","Suisun City","CA","94585","A","","","","68-253-0241","20 to 49","$2.5-5 Million","(707) 639-5088","533101","Variety Stores","533101","Variety Stores","Verified"
"Dollar Tree","Letty","Jaquez","588 E El Camino Real","Sunnyvale","CA","94087","A","Female","Site Manager","","68-458-8486","20 to 49","$5-10 Million","(408) 701-6001","533101","Variety Stores","533101","Variety Stores","Verified"
"Dollar Tree","Cecilia","Macapagal","1720 Decoto Rd","Union City","CA","94587","A+","Female","Site Manager","5104896749","17-791-0494","20 to 49","$2.5-5 Million","(510) 491-2116","533101","Variety Stores","533101","Variety Stores","Verified"
"Dollar Tree","","","1010 Helen Power Dr # B","Vacaville","CA","95687","B+","","","","72-027-4826","10 to 19","$1-2.5 Million","(707) 359-3640","533101","Variety Stores","533101","Variety Stores","Verified"
"Dollar Tree","","","230 Peabody Rd","Vacaville","CA","95687","A","","","","43-316-5737","10 to 19","$1-2.5 Million","(707) 305-4296","533101","Variety Stores","533101","Variety Stores","Verified"
"Dollar Tree","Debbie","Yourish","3475 Sonoma Blvd # 10","Vallejo","CA","94590","A+","Female","Site Manager","","41-699-8148","20 to 49","$2.5-5 Million","(707) 917-4196","533101","Variety Stores","533101","Variety Stores","Verified"
"Dollar Tree","Lorraine","Myers","938 Admiral Callaghan Ln","Vallejo","CA","94591","A","Female","Site Manager","","71-691-4403","20 to 49","$2.5-5 Million","(707) 917-4197","533101","Variety Stores","533101","Variety Stores","Verified"
"Draeger's Markets","Corrine","Sauss","4100 Blackhawk Plaza Cir","Danville","CA","94506","A","Female","Manager","","66-884-6934","20 to 49","$10-20 Million","(925) 648-5800","541105","Grocers-Retail","541105","Grocers-Retail","Verified"
"Draeger's Markets","Ron","Piazza","342 1st St","Los Altos","CA","94022","A","Male","General Mgr","6509484344","83-477-1958","50 to 99","$20-50 Million","(650) 948-4425","541105","Grocers-Retail","541105","Grocers-Retail","Verified"
"Draeger's Markets","Keith","Myers","222 E 4th Ave","San Mateo","CA","94401","A","Male","Director","6506853703","54-182-5113","100 to 249","$20-50 Million","(650) 685-3700","541105","Grocers-Retail","541105","Grocers-Retail","Verified"
"Draeger's Markets Inc","Andy","Butera","291 Utah Ave","South San Francisco","CA","94080","A","Male","Vice President","6502446544","10-187-8528","100 to 249","","(650) 244-6500","541105","Grocers-Retail","541105","Grocers-Retail","Verified"
"Draegers Supermarket Inc","Dave","Christine","1010 University Dr","Menlo Park","CA","94025","B+","Male","Director","","67-406-1882","10 to 19","$2.5-5 Million","(650) 328-1325","541105","Grocers-Retail","541105","Grocers-Retail","Verified"
"Dream Dinners","","","14107 Winchester Blvd # T","Los Gatos","CA","95032","B+","","","4088841458","37-837-3161","5 to 9","$500,000-1 Million","(408) 871-6858","549910","Food Specialties-Retail","549910","Food Specialties-Retail","Verified"
"Drivers Market","Adam","Driver","200 Caledonia St","Sausalito","CA","94965","B+","Male","Owner","","42-542-9978","20 to 49","$5-10 Million","(415) 729-9582","541105","Grocers-Retail","541105","Grocers-Retail","Verified"
"Dvw Commercial","Monty","Arslan","38507 Cherry St # H","Newark","CA","94560","B+","Male","President","5104949317","41-750-8784","5 to 9","$10-20 Million","(510) 494-9707","514939","Food Service-Distributors (Whls)","514939","Food Service-Distributors (Whls)","Verified"
"Easy Mart II","Chester","Tran","1460 Oakland Rd # D","San Jose","CA","95112","A","Male","Manager","4084530654","83-043-3959","5 to 9","$1-2.5 Million","(408) 453-0655","554101","Service Stations-Gasoline & Oil","554101","Service Stations-Gasoline & Oil","Verified"
"Eaton Corp","Dana","Burk","5735 W Las Positas Blvd # 100","Pleasanton","CA","94588","A+","Female","Manager","","65-764-3912","20 to 49","$10-20 Million","(925) 467-1674","369902","Electric Equipment-Manufacturers","369902","Electric Equipment-Manufacturers","Verified"
"Ebaldc","Joshua","Simon","1825 San Pablo Ave # 200","Oakland","CA","94612","C","Male","Manager","","74-141-0983","5 to 9","$1-2.5 Million","(510) 287-5353","541105","Grocers-Retail","541105","Grocers-Retail","Verified"
"Edison Distribution Co","Tom","Faires","338 N Canal St","South San Francisco","CA","94080","A","Male","Purchase Exec","","89-465-3310","5 to 9","$10-20 Million","(650) 244-1450","514105","Grocers-Wholesale","514105","Grocers-Wholesale","Verified"
"El Rancho Market","Martin","Gonzalez","812 Willow Rd","Menlo Park","CA","94025","A","Male","President","6503219034","52-095-0817","20 to 49","$5-10 Million","(650) 321-4902","531104","Retail Shops","531104","Retail Shops","Verified"
"Encinal Market Meat Dept","Joe","Trimble","3211 Encinal Ave # C","Alameda","CA","94501","A","Male","Owner","5105221786","83-387-0629","10 to 19","$2.5-5 Million","(510) 522-4848","541105","Grocers-Retail","541105","Grocers-Retail","Verified"
"Estudillo Produce & Deli","Yoou","Chang","1305 Macarthur Blvd","San Leandro","CA","94577","A","Male","Owner","","10-267-5915","10 to 19","$2.5-5 Million","(510) 352-1010","541105","Grocers-Retail","541105","Grocers-Retail","Verified"
"Falletti Foods","James","Falletti","308 Broderick St","San Francisco","CA","94117","A","Male","President","","66-285-0338","20 to 49","$5-10 Million","(415) 626-4400","541105","Grocers-Retail","541105","Grocers-Retail","Verified"
"Family Dollar","","","1902 N Texas St","Fairfield","CA","94533","B","","","","74-359-7935","10 to 19","$500,000-1 Million","(707) 366-6037","533101","Variety Stores","533101","Variety Stores","Verified"
"Family Dollar","","","1001 State Highway 12","Rio Vista","CA","94571","B+","","","","71-575-0209","5 to 9","$500,000-1 Million","(707) 660-6022","533101","Variety Stores","533101","Variety Stores","Verified"
"Farm Fresh To You","Ernest","Rodriguez","1 Ferry Building #9","San Francisco","CA","94111","B+","Male","Regional Mgr","","41-467-2353","10 to 19","$500,000-1 Million","(415) 834-9981","581208","Restaurants","581208","Restaurants","Verified"
"Fast & Easy Mart Admin Ofc","Ashraf","Ali","5000 E 2nd St # G","Benicia","CA","94510","A","Male","Owner","7077472957","96-109-0685","5 to 9","Less Than $500,000","(707) 747-2955","874201","Business Management Consultants","874201","Business Management Consultants","Verified"
"Fircrest Market","David","Hoffman","998 Gravenstein Ave","Sebastopol","CA","95472","A","Male","Owner","7078234902","85-858-7330","20 to 49","$10-20 Million","(707) 823-9171","541105","Grocers-Retail","541105","Grocers-Retail","Verified"
"First Korean Market","","","4625 Geary Blvd","San Francisco","CA","94118","B+","","","","40-472-7323","10 to 19","$2.5-5 Million","(415) 221-2565","541105","Grocers-Retail","541105","Grocers-Retail","Verified"
"Flavours LLC","","","1030 E El Camino Real # 257","Sunnyvale","CA","94087","C","","","","72-293-5102","","$500,000-1 Million","Not Available","541105","Grocers-Retail","541105","Grocers-Retail","Verified"
"Food & Water Watch-Sf","Emily","Wurth","1814 Franklin St # 1100","Oakland","CA","94612","C+","Female","Director","","43-585-3701","1 to 4","$500,000-1 Million","(415) 293-9900","541105","Grocers-Retail","541105","Grocers-Retail","Verified"
"Food Luxe LLC","","","1000 Brannan St # 211","San Francisco","CA","94103","C+","","","","43-284-5585","","$1-2.5 Million","Not Available","541105","Grocers-Retail","541105","Grocers-Retail","Verified"
"Food Mania Inc","","","180 Sansome St # 2","San Francisco","CA","94104","C","","","","72-221-0100","","$500,000-1 Million","Not Available","541105","Grocers-Retail","541105","Grocers-Retail","Verified"
"Food Mill","Kirk","Watkins","3033 Macarthur Blvd","Oakland","CA","94602","B+","Male","Owner","5104820344","00-628-3808","10 to 19","$5-10 Million","(510) 482-0315","204102","Milling (Mfrs)","204102","Milling (Mfrs)","Verified"
"Food Ranger Inc","","","490 Post St # 910","San Francisco","CA","94102","C","","","","72-438-8309","","$500,000-1 Million","Not Available","541105","Grocers-Retail","541105","Grocers-Retail","Verified"
"Foodmaxx","Freddy","Hooker","4500 Lone Tree Way","Antioch","CA","94531","A","Male","Manager","9257069031","70-040-4747","50 to 99","$20-50 Million","(925) 756-0150","541105","Grocers-Retail","541105","Grocers-Retail","Verified"
"Foodmaxx","Joseph","Christiansen","1751 Monument Blvd","Concord","CA","94520","A","Male","General Mgr","9253560308","70-040-4755","50 to 99","$20-50 Million","(925) 356-0324","541105","Grocers-Retail","541105","Grocers-Retail","Verified"
"Foodmaxx","Danny","Mendoza","4505 Clayton Rd","Concord","CA","94521","A+","Male","Director","9258878071","94-773-5031","100 to 249","$20-50 Million","(925) 887-8000","541105","Grocers-Retail","541105","Grocers-Retail","Verified"
"Foodmaxx","Sterling","Yost","1833 N Texas St","Fairfield","CA","94533","A","Male","General Mgr","7074340494","40-133-6683","50 to 99","$20-50 Million","(707) 434-9895","541105","Grocers-Retail","541105","Grocers-Retail","Verified"
"Foodmaxx","Danny","Mendoza","1955 W Texas St","Fairfield","CA","94533","A","Male","Director","7074283397","42-309-2632","50 to 99","$20-50 Million","(707) 428-1585","541105","Grocers-Retail","541105","Grocers-Retail","Verified"
"Foodmaxx","Daniel","Bilbay","39441 Fremont Blvd","Fremont","CA","94538","A+","Male","General Mgr","5106510419","10-264-0885","50 to 99","$20-50 Million","(510) 651-1920","541105","Grocers-Retail","541105","Grocers-Retail","Verified"
"Foodmaxx","Michael","Flowers","27300 Hesperian Blvd","Hayward","CA","94545","A+","Male","General Mgr","5102931910","42-289-6471","50 to 99","$20-50 Million","(510) 293-1911","541105","Grocers-Retail","541105","Grocers-Retail","Verified"
"Foodmaxx","Eric","Feagley","39966 Cedar Blvd","Newark","CA","94560","A+","Male","General Mgr","5104908186","59-425-8089","50 to 99","$10-20 Million","(510) 438-5968","541105","Grocers-Retail","541105","Grocers-Retail","Verified"
"Foodmaxx","Zeb","Early","10950 International Blvd","Oakland","CA","94603","A+","Male","General Mgr","5105444070","24-073-9797","50 to 99","$20-50 Million","(510) 544-4000","541105","Grocers-Retail","541105","Grocers-Retail","Verified"
"Foodmaxx","Frank","Silva","3000 E 9th St","Oakland","CA","94601","A+","Male","Director","5105320174","10-277-3652","100 to 249","$20-50 Million","(510) 437-8000","541105","Grocers-Retail","541105","Grocers-Retail","Verified"
"Foodmaxx","Jeff","Earl","1370 Fitzgerald Dr","Pinole","CA","94564","A","Male","Other","5102438785","70-040-4754","50 to 99","$20-50 Million","(510) 243-8771","541105","Grocers-Retail","541105","Grocers-Retail","Verified"
"Foodmaxx","","","605 Rohnert Park Expy W","Rohnert Park","CA","94928","A+","","","7075843578","45-377-1198","50 to 99","$10-20 Million","(707) 584-1200","541105","Grocers-Retail","541105","Grocers-Retail","Verified"
"Foodmaxx","John","Louis","1539 Parkmoor Ave","San Jose","CA","95128","A","Male","General Mgr","4089955458","40-133-6682","50 to 99","$20-50 Million","(408) 287-5377","541105","Grocers-Retail","541105","Grocers-Retail","Verified"
"Foodmaxx","Mike","Mcgrey","1972 Tully Rd","San Jose","CA","95122","A+","Male","General Mgr","4082704843","73-546-1355","100 to 249","$20-50 Million","(408) 270-2945","541105","Grocers-Retail","541105","Grocers-Retail","Verified"
"Foodmaxx","","","3002 Story Rd","San Jose","CA","95127","A","","","","71-884-6818","50 to 99","$20-50 Million","(408) 937-1324","541105","Grocers-Retail","541105","Grocers-Retail","Verified"
"Foodmaxx","Fred","Darling","5510 Monterey Hwy","San Jose","CA","95138","A","Male","General Mgr","4086293681","70-040-4749","50 to 99","$20-50 Million","(408) 972-0681","541105","Grocers-Retail","541105","Grocers-Retail","Verified"
"Foodmaxx","Jim","Stevens","699 Lewelling Blvd","San Leandro","CA","94579","A+","Male","General Mgr","5106140622","47-390-8309","50 to 99","$20-50 Million","(510) 614-7345","541105","Grocers-Retail","541105","Grocers-Retail","Verified"
"Foodmaxx","Derrick","Amado","13220 San Pablo Ave","San Pablo","CA","94806","A+","Male","General Mgr","5102321274","55-062-2690","100 to 249","$20-50 Million","(510) 232-1150","541105","Grocers-Retail","541105","Grocers-Retail","Verified"
"Foodmaxx","","","2055 Sebastopol Rd","Santa Rosa","CA","95407","A+","","","7075232208","30-964-3211","100 to 249","$20-50 Million","(707) 578-8900","541105","Grocers-Retail","541105","Grocers-Retail","Verified"
"Foodmaxx","Steve","Jacklin","30073 Industrial Pkwy","Union City","CA","94587","A","Male","General Mgr","5104753670","41-801-2259","50 to 99","$20-50 Million","(510) 475-3663","541105","Grocers-Retail","541105","Grocers-Retail","Verified"
"Foodmaxx","Derick","Amado","1740 Tuolumne St","Vallejo","CA","94589","A","Male","General Mgr","7076446092","70-040-4750","50 to 99","$20-50 Million","(707) 645-7132","541105","Grocers-Retail","541105","Grocers-Retail","Verified"
"Foods Co","","","10790 Macarthur Blvd","Oakland","CA","94605","A","","","","42-749-3852","100 to 249","$20-50 Million","(510) 924-3060","541105","Grocers-Retail","541105","Grocers-Retail","Verified"
"Foods Co","Vincent","Diaz","300 Atlantic Ave","Pittsburg","CA","94565","A+","Male","Manager","","18-029-6063","50 to 99","$10-20 Million","(925) 473-2130","541105","Grocers-Retail","541105","Grocers-Retail","Verified"
"Foods Co","Roberto","Alaguiler","1401 Broadway St","Redwood City","CA","94063","A+","Male","General Mgr","","40-501-7862","50 to 99","$20-50 Million","(650) 366-5546","541105","Grocers-Retail","541105","Grocers-Retail","Verified"
